<?xml version="1.0" ?>
<root>
    <agents number="251">
       <agent id="0" start.x="37" start.y="46" goal.x="27" goal.y="3" size="0.5" movespeed="1"/>
       <agent id="1" start.x="6" start.y="34" goal.x="43" goal.y="17" size="0.5" movespeed="1"/>
       <agent id="2" start.x="3" start.y="46" goal.x="51" goal.y="11" size="0.5" movespeed="1"/>
       <agent id="3" start.x="2" start.y="19" goal.x="51" goal.y="51" size="0.5" movespeed="1"/>
       <agent id="4" start.x="50" start.y="45" goal.x="0" goal.y="36" size="0.5" movespeed="1"/>
       <agent id="5" start.x="21" start.y="28" goal.x="61" goal.y="3" size="0.5" movespeed="1"/>
       <agent id="6" start.x="56" start.y="59" goal.x="23" goal.y="14" size="0.5" movespeed="1"/>
       <agent id="7" start.x="12" start.y="45" goal.x="40" goal.y="14" size="0.5" movespeed="1"/>
       <agent id="8" start.x="62" start.y="9" goal.x="4" goal.y="12" size="0.5" movespeed="1"/>
       <agent id="9" start.x="11" start.y="62" goal.x="7" goal.y="8" size="0.5" movespeed="1"/>
       <agent id="10" start.x="25" start.y="40" goal.x="61" goal.y="18" size="0.5" movespeed="1"/>
       <agent id="11" start.x="11" start.y="16" goal.x="7" goal.y="56" size="0.5" movespeed="1"/>
       <agent id="12" start.x="1" start.y="27" goal.x="38" goal.y="13" size="0.5" movespeed="1"/>
       <agent id="13" start.x="6" start.y="28" goal.x="53" goal.y="34" size="0.5" movespeed="1"/>
       <agent id="14" start.x="2" start.y="41" goal.x="35" goal.y="3" size="0.5" movespeed="1"/>
       <agent id="15" start.x="34" start.y="15" goal.x="33" goal.y="55" size="0.5" movespeed="1"/>
       <agent id="16" start.x="58" start.y="5" goal.x="24" goal.y="38" size="0.5" movespeed="1"/>
       <agent id="17" start.x="11" start.y="18" goal.x="60" goal.y="15" size="0.5" movespeed="1"/>
       <agent id="18" start.x="53" start.y="11" goal.x="8" goal.y="15" size="0.5" movespeed="1"/>
       <agent id="19" start.x="3" start.y="20" goal.x="8" goal.y="61" size="0.5" movespeed="1"/>
       <agent id="20" start.x="36" start.y="61" goal.x="0" goal.y="20" size="0.5" movespeed="1"/>
       <agent id="21" start.x="2" start.y="28" goal.x="36" goal.y="5" size="0.5" movespeed="1"/>
       <agent id="22" start.x="53" start.y="4" goal.x="3" goal.y="17" size="0.5" movespeed="1"/>
       <agent id="23" start.x="42" start.y="27" goal.x="2" goal.y="36" size="0.5" movespeed="1"/>
       <agent id="24" start.x="43" start.y="34" goal.x="3" goal.y="21" size="0.5" movespeed="1"/>
       <agent id="25" start.x="42" start.y="5" goal.x="17" goal.y="38" size="0.5" movespeed="1"/>
       <agent id="26" start.x="11" start.y="38" goal.x="55" goal.y="6" size="0.5" movespeed="1"/>
       <agent id="27" start.x="9" start.y="35" goal.x="49" goal.y="14" size="0.5" movespeed="1"/>
       <agent id="28" start.x="29" start.y="41" goal.x="51" goal.y="8" size="0.5" movespeed="1"/>
       <agent id="29" start.x="40" start.y="41" goal.x="11" goal.y="11" size="0.5" movespeed="1"/>
       <agent id="30" start.x="32" start.y="47" goal.x="9" goal.y="0" size="0.5" movespeed="1"/>
       <agent id="31" start.x="45" start.y="26" goal.x="2" goal.y="2" size="0.5" movespeed="1"/>
       <agent id="32" start.x="41" start.y="47" goal.x="21" goal.y="13" size="0.5" movespeed="1"/>
       <agent id="33" start.x="41" start.y="6" goal.x="4" goal.y="44" size="0.5" movespeed="1"/>
       <agent id="34" start.x="27" start.y="27" goal.x="62" goal.y="5" size="0.5" movespeed="1"/>
       <agent id="35" start.x="49" start.y="17" goal.x="14" goal.y="41" size="0.5" movespeed="1"/>
       <agent id="36" start.x="55" start.y="15" goal.x="15" goal.y="3" size="0.5" movespeed="1"/>
       <agent id="37" start.x="27" start.y="13" goal.x="5" goal.y="54" size="0.5" movespeed="1"/>
       <agent id="38" start.x="16" start.y="27" goal.x="61" goal.y="7" size="0.5" movespeed="1"/>
       <agent id="39" start.x="54" start.y="50" goal.x="3" goal.y="29" size="0.5" movespeed="1"/>
       <agent id="40" start.x="52" start.y="14" goal.x="2" goal.y="13" size="0.5" movespeed="1"/>
       <agent id="41" start.x="57" start.y="24" goal.x="23" goal.y="55" size="0.5" movespeed="1"/>
       <agent id="42" start.x="6" start.y="38" goal.x="61" goal.y="35" size="0.5" movespeed="1"/>
       <agent id="43" start.x="63" start.y="17" goal.x="56" goal.y="57" size="0.5" movespeed="1"/>
       <agent id="44" start.x="25" start.y="57" goal.x="45" goal.y="16" size="0.5" movespeed="1"/>
       <agent id="45" start.x="13" start.y="25" goal.x="35" goal.y="59" size="0.5" movespeed="1"/>
       <agent id="46" start.x="16" start.y="37" goal.x="52" goal.y="56" size="0.5" movespeed="1"/>
       <agent id="47" start.x="60" start.y="59" goal.x="4" goal.y="8" size="0.5" movespeed="1"/>
       <agent id="48" start.x="41" start.y="38" goal.x="1" goal.y="50" size="0.5" movespeed="1"/>
       <agent id="49" start.x="20" start.y="49" goal.x="46" goal.y="8" size="0.5" movespeed="1"/>
       <agent id="50" start.x="24" start.y="29" goal.x="63" goal.y="16" size="0.5" movespeed="1"/>
       <agent id="51" start.x="23" start.y="58" goal.x="11" goal.y="18" size="0.5" movespeed="1"/>
       <agent id="52" start.x="29" start.y="27" goal.x="49" goal.y="62" size="0.5" movespeed="1"/>
       <agent id="53" start.x="32" start.y="30" goal.x="2" goal.y="56" size="0.5" movespeed="1"/>
       <agent id="54" start.x="34" start.y="0" goal.x="29" goal.y="56" size="0.5" movespeed="1"/>
       <agent id="55" start.x="1" start.y="25" goal.x="19" goal.y="60" size="0.5" movespeed="1"/>
       <agent id="56" start.x="46" start.y="13" goal.x="11" goal.y="33" size="0.5" movespeed="1"/>
       <agent id="57" start.x="51" start.y="28" goal.x="0" goal.y="58" size="0.5" movespeed="1"/>
       <agent id="58" start.x="16" start.y="6" goal.x="63" goal.y="43" size="0.5" movespeed="1"/>
       <agent id="59" start.x="28" start.y="40" goal.x="61" goal.y="13" size="0.5" movespeed="1"/>
       <agent id="60" start.x="22" start.y="33" goal.x="57" goal.y="15" size="0.5" movespeed="1"/>
       <agent id="61" start.x="46" start.y="11" goal.x="10" goal.y="36" size="0.5" movespeed="1"/>
       <agent id="62" start.x="32" start.y="26" goal.x="60" goal.y="53" size="0.5" movespeed="1"/>
       <agent id="63" start.x="9" start.y="58" goal.x="62" goal.y="26" size="0.5" movespeed="1"/>
       <agent id="64" start.x="17" start.y="26" goal.x="57" goal.y="36" size="0.5" movespeed="1"/>
       <agent id="65" start.x="49" start.y="29" goal.x="3" goal.y="32" size="0.5" movespeed="1"/>
       <agent id="66" start.x="5" start.y="18" goal.x="41" goal.y="52" size="0.5" movespeed="1"/>
       <agent id="67" start.x="23" start.y="25" goal.x="44" goal.y="59" size="0.5" movespeed="1"/>
       <agent id="68" start.x="8" start.y="0" goal.x="41" goal.y="49" size="0.5" movespeed="1"/>
       <agent id="69" start.x="4" start.y="25" goal.x="55" goal.y="44" size="0.5" movespeed="1"/>
       <agent id="70" start.x="63" start.y="61" goal.x="18" goal.y="40" size="0.5" movespeed="1"/>
       <agent id="71" start.x="52" start.y="45" goal.x="9" goal.y="48" size="0.5" movespeed="1"/>
       <agent id="72" start.x="15" start.y="3" goal.x="32" goal.y="53" size="0.5" movespeed="1"/>
       <agent id="73" start.x="48" start.y="24" goal.x="11" goal.y="45" size="0.5" movespeed="1"/>
       <agent id="74" start.x="29" start.y="9" goal.x="12" goal.y="49" size="0.5" movespeed="1"/>
       <agent id="75" start.x="36" start.y="18" goal.x="25" goal.y="57" size="0.5" movespeed="1"/>
       <agent id="76" start.x="29" start.y="46" goal.x="49" goal.y="8" size="0.5" movespeed="1"/>
       <agent id="77" start.x="52" start.y="25" goal.x="5" goal.y="52" size="0.5" movespeed="1"/>
       <agent id="78" start.x="51" start.y="39" goal.x="9" goal.y="55" size="0.5" movespeed="1"/>
       <agent id="79" start.x="5" start.y="55" goal.x="57" goal.y="17" size="0.5" movespeed="1"/>
       <agent id="80" start.x="13" start.y="59" goal.x="51" goal.y="35" size="0.5" movespeed="1"/>
       <agent id="81" start.x="11" start.y="30" goal.x="50" goal.y="46" size="0.5" movespeed="1"/>
       <agent id="82" start.x="2" start.y="23" goal.x="37" goal.y="59" size="0.5" movespeed="1"/>
       <agent id="83" start.x="40" start.y="52" goal.x="0" goal.y="60" size="0.5" movespeed="1"/>
       <agent id="84" start.x="0" start.y="26" goal.x="56" goal.y="55" size="0.5" movespeed="1"/>
       <agent id="85" start.x="26" start.y="28" goal.x="51" goal.y="60" size="0.5" movespeed="1"/>
       <agent id="86" start.x="30" start.y="39" goal.x="30" goal.y="0" size="0.5" movespeed="1"/>
       <agent id="87" start.x="16" start.y="63" goal.x="35" goal.y="12" size="0.5" movespeed="1"/>
       <agent id="88" start.x="27" start.y="47" goal.x="45" goal.y="2" size="0.5" movespeed="1"/>
       <agent id="89" start.x="47" start.y="45" goal.x="6" goal.y="62" size="0.5" movespeed="1"/>
       <agent id="90" start.x="45" start.y="40" goal.x="21" goal.y="6" size="0.5" movespeed="1"/>
       <agent id="91" start.x="50" start.y="48" goal.x="14" goal.y="12" size="0.5" movespeed="1"/>
       <agent id="92" start.x="55" start.y="25" goal.x="7" goal.y="47" size="0.5" movespeed="1"/>
       <agent id="93" start.x="10" start.y="50" goal.x="58" goal.y="18" size="0.5" movespeed="1"/>
       <agent id="94" start.x="22" start.y="5" goal.x="59" goal.y="19" size="0.5" movespeed="1"/>
       <agent id="95" start.x="16" start.y="46" goal.x="58" goal.y="44" size="0.5" movespeed="1"/>
       <agent id="96" start.x="58" start.y="9" goal.x="16" goal.y="18" size="0.5" movespeed="1"/>
       <agent id="97" start.x="9" start.y="11" goal.x="54" goal.y="40" size="0.5" movespeed="1"/>
       <agent id="98" start.x="34" start.y="19" goal.x="4" goal.y="48" size="0.5" movespeed="1"/>
       <agent id="99" start.x="5" start.y="42" goal.x="53" goal.y="3" size="0.5" movespeed="1"/>
       <agent id="100" start.x="37" start.y="38" goal.x="0" goal.y="25" size="0.5" movespeed="1"/>
       <agent id="101" start.x="53" start.y="8" goal.x="13" goal.y="62" size="0.5" movespeed="1"/>
       <agent id="102" start.x="38" start.y="24" goal.x="23" goal.y="63" size="0.5" movespeed="1"/>
       <agent id="103" start.x="10" start.y="24" goal.x="62" goal.y="34" size="0.5" movespeed="1"/>
       <agent id="104" start.x="4" start.y="61" goal.x="37" goal.y="36" size="0.5" movespeed="1"/>
       <agent id="105" start.x="27" start.y="60" goal.x="16" goal.y="14" size="0.5" movespeed="1"/>
       <agent id="106" start.x="23" start.y="22" goal.x="56" goal.y="53" size="0.5" movespeed="1"/>
       <agent id="107" start.x="35" start.y="8" goal.x="23" goal.y="47" size="0.5" movespeed="1"/>
       <agent id="108" start.x="42" start.y="39" goal.x="6" goal.y="18" size="0.5" movespeed="1"/>
       <agent id="109" start.x="14" start.y="27" goal.x="63" goal.y="61" size="0.5" movespeed="1"/>
       <agent id="110" start.x="34" start.y="42" goal.x="11" goal.y="2" size="0.5" movespeed="1"/>
       <agent id="111" start.x="40" start.y="39" goal.x="2" goal.y="25" size="0.5" movespeed="1"/>
       <agent id="112" start.x="37" start.y="57" goal.x="25" goal.y="13" size="0.5" movespeed="1"/>
       <agent id="113" start.x="27" start.y="4" goal.x="52" goal.y="39" size="0.5" movespeed="1"/>
       <agent id="114" start.x="8" start.y="6" goal.x="30" goal.y="57" size="0.5" movespeed="1"/>
       <agent id="115" start.x="10" start.y="44" goal.x="46" goal.y="1" size="0.5" movespeed="1"/>
       <agent id="116" start.x="62" start.y="39" goal.x="37" goal.y="1" size="0.5" movespeed="1"/>
       <agent id="117" start.x="4" start.y="19" goal.x="17" goal.y="59" size="0.5" movespeed="1"/>
       <agent id="118" start.x="50" start.y="23" goal.x="3" goal.y="23" size="0.5" movespeed="1"/>
       <agent id="119" start.x="30" start.y="2" goal.x="14" goal.y="56" size="0.5" movespeed="1"/>
       <agent id="120" start.x="37" start.y="7" goal.x="24" goal.y="48" size="0.5" movespeed="1"/>
       <agent id="121" start.x="57" start.y="47" goal.x="5" goal.y="0" size="0.5" movespeed="1"/>
       <agent id="122" start.x="31" start.y="45" goal.x="49" goal.y="0" size="0.5" movespeed="1"/>
       <agent id="123" start.x="62" start.y="5" goal.x="11" goal.y="52" size="0.5" movespeed="1"/>
       <agent id="124" start.x="43" start.y="6" goal.x="40" goal.y="60" size="0.5" movespeed="1"/>
       <agent id="125" start.x="16" start.y="18" goal.x="59" goal.y="36" size="0.5" movespeed="1"/>
       <agent id="126" start.x="34" start.y="55" goal.x="4" goal.y="28" size="0.5" movespeed="1"/>
       <agent id="127" start.x="53" start.y="38" goal.x="26" goal.y="7" size="0.5" movespeed="1"/>
       <agent id="128" start.x="3" start.y="10" goal.x="62" goal.y="44" size="0.5" movespeed="1"/>
       <agent id="129" start.x="10" start.y="8" goal.x="28" goal.y="52" size="0.5" movespeed="1"/>
       <agent id="130" start.x="43" start.y="17" goal.x="3" goal.y="3" size="0.5" movespeed="1"/>
       <agent id="131" start.x="45" start.y="35" goal.x="10" goal.y="8" size="0.5" movespeed="1"/>
       <agent id="132" start.x="49" start.y="4" goal.x="23" goal.y="41" size="0.5" movespeed="1"/>
       <agent id="133" start.x="13" start.y="40" goal.x="62" goal.y="36" size="0.5" movespeed="1"/>
       <agent id="134" start.x="12" start.y="50" goal.x="44" goal.y="25" size="0.5" movespeed="1"/>
       <agent id="135" start.x="35" start.y="62" goal.x="43" goal.y="7" size="0.5" movespeed="1"/>
       <agent id="136" start.x="10" start.y="36" goal.x="44" goal.y="15" size="0.5" movespeed="1"/>
       <agent id="137" start.x="47" start.y="59" goal.x="29" goal.y="11" size="0.5" movespeed="1"/>
       <agent id="138" start.x="1" start.y="49" goal.x="62" goal.y="40" size="0.5" movespeed="1"/>
       <agent id="139" start.x="60" start.y="55" goal.x="22" goal.y="35" size="0.5" movespeed="1"/>
       <agent id="140" start.x="29" start.y="6" goal.x="45" goal.y="56" size="0.5" movespeed="1"/>
       <agent id="141" start.x="43" start.y="58" goal.x="63" goal.y="13" size="0.5" movespeed="1"/>
       <agent id="142" start.x="56" start.y="61" goal.x="9" goal.y="37" size="0.5" movespeed="1"/>
       <agent id="143" start.x="34" start.y="59" goal.x="28" goal.y="7" size="0.5" movespeed="1"/>
       <agent id="144" start.x="60" start.y="9" goal.x="16" goal.y="23" size="0.5" movespeed="1"/>
       <agent id="145" start.x="25" start.y="7" goal.x="56" goal.y="38" size="0.5" movespeed="1"/>
       <agent id="146" start.x="57" start.y="7" goal.x="30" goal.y="51" size="0.5" movespeed="1"/>
       <agent id="147" start.x="25" start.y="15" goal.x="63" goal.y="49" size="0.5" movespeed="1"/>
       <agent id="148" start.x="2" start.y="17" goal.x="44" goal.y="34" size="0.5" movespeed="1"/>
       <agent id="149" start.x="44" start.y="29" goal.x="5" goal.y="42" size="0.5" movespeed="1"/>
       <agent id="150" start.x="33" start.y="46" goal.x="0" goal.y="23" size="0.5" movespeed="1"/>
       <agent id="151" start.x="19" start.y="36" goal.x="52" goal.y="61" size="0.5" movespeed="1"/>
       <agent id="152" start.x="59" start.y="44" goal.x="15" goal.y="16" size="0.5" movespeed="1"/>
       <agent id="153" start.x="26" start.y="5" goal.x="12" goal.y="47" size="0.5" movespeed="1"/>
       <agent id="154" start.x="42" start.y="62" goal.x="42" goal.y="14" size="0.5" movespeed="1"/>
       <agent id="155" start.x="33" start.y="52" goal.x="23" goal.y="1" size="0.5" movespeed="1"/>
       <agent id="156" start.x="1" start.y="20" goal.x="48" goal.y="25" size="0.5" movespeed="1"/>
       <agent id="157" start.x="24" start.y="60" goal.x="1" goal.y="1" size="0.5" movespeed="1"/>
       <agent id="158" start.x="1" start.y="55" goal.x="33" goal.y="7" size="0.5" movespeed="1"/>
       <agent id="159" start.x="26" start.y="37" goal.x="63" goal.y="21" size="0.5" movespeed="1"/>
       <agent id="160" start.x="42" start.y="49" goal.x="12" goal.y="0" size="0.5" movespeed="1"/>
       <agent id="161" start.x="37" start.y="11" goal.x="15" goal.y="48" size="0.5" movespeed="1"/>
       <agent id="162" start.x="61" start.y="16" goal.x="9" goal.y="2" size="0.5" movespeed="1"/>
       <agent id="163" start.x="56" start.y="14" goal.x="44" goal.y="51" size="0.5" movespeed="1"/>
       <agent id="164" start.x="49" start.y="25" goal.x="12" goal.y="12" size="0.5" movespeed="1"/>
       <agent id="165" start.x="58" start.y="29" goal.x="12" goal.y="4" size="0.5" movespeed="1"/>
       <agent id="166" start.x="37" start.y="50" goal.x="12" goal.y="7" size="0.5" movespeed="1"/>
       <agent id="167" start.x="50" start.y="33" goal.x="12" goal.y="23" size="0.5" movespeed="1"/>
       <agent id="168" start.x="60" start.y="30" goal.x="1" goal.y="3" size="0.5" movespeed="1"/>
       <agent id="169" start.x="48" start.y="49" goal.x="7" goal.y="39" size="0.5" movespeed="1"/>
       <agent id="170" start.x="17" start.y="50" goal.x="6" goal.y="5" size="0.5" movespeed="1"/>
       <agent id="171" start.x="38" start.y="48" goal.x="52" goal.y="6" size="0.5" movespeed="1"/>
       <agent id="172" start.x="55" start.y="63" goal.x="6" goal.y="49" size="0.5" movespeed="1"/>
       <agent id="173" start.x="41" start.y="34" goal.x="16" goal.y="1" size="0.5" movespeed="1"/>
       <agent id="174" start.x="62" start.y="3" goal.x="63" goal.y="45" size="0.5" movespeed="1"/>
       <agent id="175" start.x="6" start.y="32" goal.x="56" goal.y="8" size="0.5" movespeed="1"/>
       <agent id="176" start.x="16" start.y="22" goal.x="46" goal.y="48" size="0.5" movespeed="1"/>
       <agent id="177" start.x="40" start.y="55" goal.x="30" goal.y="2" size="0.5" movespeed="1"/>
       <agent id="178" start.x="16" start.y="60" goal.x="39" goal.y="16" size="0.5" movespeed="1"/>
       <agent id="179" start.x="2" start.y="60" goal.x="55" goal.y="60" size="0.5" movespeed="1"/>
       <agent id="180" start.x="18" start.y="3" goal.x="36" goal.y="51" size="0.5" movespeed="1"/>
       <agent id="181" start.x="0" start.y="44" goal.x="38" goal.y="7" size="0.5" movespeed="1"/>
       <agent id="182" start.x="56" start.y="11" goal.x="14" goal.y="34" size="0.5" movespeed="1"/>
       <agent id="183" start.x="35" start.y="39" goal.x="0" goal.y="11" size="0.5" movespeed="1"/>
       <agent id="184" start.x="42" start.y="30" goal.x="14" goal.y="0" size="0.5" movespeed="1"/>
       <agent id="185" start.x="37" start.y="30" goal.x="3" goal.y="52" size="0.5" movespeed="1"/>
       <agent id="186" start.x="62" start.y="34" goal.x="19" goal.y="24" size="0.5" movespeed="1"/>
       <agent id="187" start.x="62" start.y="32" goal.x="15" goal.y="46" size="0.5" movespeed="1"/>
       <agent id="188" start.x="36" start.y="40" goal.x="2" goal.y="5" size="0.5" movespeed="1"/>
       <agent id="189" start.x="7" start.y="19" goal.x="55" goal.y="42" size="0.5" movespeed="1"/>
       <agent id="190" start.x="60" start.y="26" goal.x="36" goal.y="63" size="0.5" movespeed="1"/>
       <agent id="191" start.x="59" start.y="60" goal.x="10" goal.y="4" size="0.5" movespeed="1"/>
       <agent id="192" start.x="15" start.y="5" goal.x="17" goal.y="57" size="0.5" movespeed="1"/>
       <agent id="193" start.x="38" start.y="59" goal.x="36" goal.y="18" size="0.5" movespeed="1"/>
       <agent id="194" start.x="63" start.y="25" goal.x="8" goal.y="11" size="0.5" movespeed="1"/>
       <agent id="195" start.x="12" start.y="22" goal.x="47" goal.y="46" size="0.5" movespeed="1"/>
       <agent id="196" start.x="8" start.y="52" goal.x="48" goal.y="27" size="0.5" movespeed="1"/>
       <agent id="197" start.x="13" start.y="30" goal.x="55" goal.y="21" size="0.5" movespeed="1"/>
       <agent id="198" start.x="29" start.y="51" goal.x="19" goal.y="11" size="0.5" movespeed="1"/>
       <agent id="199" start.x="4" start.y="23" goal.x="42" goal.y="44" size="0.5" movespeed="1"/>
       <agent id="200" start.x="37" start.y="26" goal.x="63" goal.y="59" size="0.5" movespeed="1"/>
       <agent id="201" start.x="21" start.y="4" goal.x="14" goal.y="44" size="0.5" movespeed="1"/>
       <agent id="202" start.x="41" start.y="3" goal.x="3" goal.y="60" size="0.5" movespeed="1"/>
       <agent id="203" start.x="3" start.y="56" goal.x="50" goal.y="16" size="0.5" movespeed="1"/>
       <agent id="204" start.x="22" start.y="61" goal.x="59" goal.y="7" size="0.5" movespeed="1"/>
       <agent id="205" start.x="28" start.y="11" goal.x="63" goal.y="31" size="0.5" movespeed="1"/>
       <agent id="206" start.x="46" start.y="4" goal.x="61" goal.y="41" size="0.5" movespeed="1"/>
       <agent id="207" start.x="52" start.y="35" goal.x="0" goal.y="45" size="0.5" movespeed="1"/>
       <agent id="208" start.x="24" start.y="48" goal.x="54" goal.y="12" size="0.5" movespeed="1"/>
       <agent id="209" start.x="6" start.y="43" goal.x="32" goal.y="0" size="0.5" movespeed="1"/>
       <agent id="210" start.x="30" start.y="29" goal.x="51" goal.y="62" size="0.5" movespeed="1"/>
       <agent id="211" start.x="16" start.y="35" goal.x="59" goal.y="58" size="0.5" movespeed="1"/>
       <agent id="212" start.x="28" start.y="1" goal.x="42" goal.y="58" size="0.5" movespeed="1"/>
       <agent id="213" start.x="34" start.y="26" goal.x="14" goal.y="61" size="0.5" movespeed="1"/>
       <agent id="214" start.x="51" start.y="15" goal.x="11" goal.y="13" size="0.5" movespeed="1"/>
       <agent id="215" start.x="33" start.y="41" goal.x="42" goal.y="0" size="0.5" movespeed="1"/>
       <agent id="216" start.x="24" start.y="8" goal.x="60" goal.y="27" size="0.5" movespeed="1"/>
       <agent id="217" start.x="7" start.y="22" goal.x="42" goal.y="40" size="0.5" movespeed="1"/>
       <agent id="218" start.x="14" start.y="14" goal.x="24" goal.y="56" size="0.5" movespeed="1"/>
       <agent id="219" start.x="36" start.y="22" goal.x="56" goal.y="59" size="0.5" movespeed="1"/>
       <agent id="220" start.x="59" start.y="58" goal.x="29" goal.y="23" size="0.5" movespeed="1"/>
       <agent id="221" start.x="5" start.y="58" goal.x="40" goal.y="36" size="0.5" movespeed="1"/>
       <agent id="222" start.x="33" start.y="39" goal.x="60" goal.y="8" size="0.5" movespeed="1"/>
       <agent id="223" start.x="22" start.y="24" goal.x="47" goal.y="60" size="0.5" movespeed="1"/>
       <agent id="224" start.x="26" start.y="45" goal.x="62" goal.y="12" size="0.5" movespeed="1"/>
       <agent id="225" start.x="55" start.y="42" goal.x="18" goal.y="2" size="0.5" movespeed="1"/>
       <agent id="226" start.x="38" start.y="28" goal.x="12" goal.y="61" size="0.5" movespeed="1"/>
       <agent id="227" start.x="4" start.y="14" goal.x="49" goal.y="22" size="0.5" movespeed="1"/>
       <agent id="228" start.x="32" start.y="62" goal.x="27" goal.y="0" size="0.5" movespeed="1"/>
       <agent id="229" start.x="45" start.y="60" goal.x="15" goal.y="6" size="0.5" movespeed="1"/>
       <agent id="230" start.x="40" start.y="13" goal.x="5" goal.y="57" size="0.5" movespeed="1"/>
       <agent id="231" start.x="55" start.y="34" goal.x="12" goal.y="16" size="0.5" movespeed="1"/>
       <agent id="232" start.x="63" start.y="49" goal.x="22" goal.y="48" size="0.5" movespeed="1"/>
       <agent id="233" start.x="47" start.y="2" goal.x="3" goal.y="54" size="0.5" movespeed="1"/>
       <agent id="234" start.x="4" start.y="63" goal.x="19" goal.y="19" size="0.5" movespeed="1"/>
       <agent id="235" start.x="62" start.y="22" goal.x="0" goal.y="6" size="0.5" movespeed="1"/>
       <agent id="236" start.x="30" start.y="53" goal.x="35" goal.y="8" size="0.5" movespeed="1"/>
       <agent id="237" start.x="13" start.y="57" goal.x="5" goal.y="13" size="0.5" movespeed="1"/>
       <agent id="238" start.x="14" start.y="58" goal.x="49" goal.y="12" size="0.5" movespeed="1"/>
       <agent id="239" start.x="46" start.y="17" goal.x="11" goal.y="63" size="0.5" movespeed="1"/>
       <agent id="240" start.x="21" start.y="0" goal.x="4" goal.y="56" size="0.5" movespeed="1"/>
       <agent id="241" start.x="32" start.y="4" goal.x="60" goal.y="56" size="0.5" movespeed="1"/>
       <agent id="242" start.x="51" start.y="59" goal.x="28" goal.y="13" size="0.5" movespeed="1"/>
       <agent id="243" start.x="31" start.y="9" goal.x="45" goal.y="47" size="0.5" movespeed="1"/>
       <agent id="244" start.x="0" start.y="38" goal.x="42" goal.y="23" size="0.5" movespeed="1"/>
       <agent id="245" start.x="50" start.y="5" goal.x="9" goal.y="45" size="0.5" movespeed="1"/>
       <agent id="246" start.x="3" start.y="59" goal.x="56" goal.y="28" size="0.5" movespeed="1"/>
       <agent id="247" start.x="17" start.y="7" goal.x="39" goal.y="57" size="0.5" movespeed="1"/>
       <agent id="248" start.x="19" start.y="59" goal.x="62" goal.y="24" size="0.5" movespeed="1"/>
       <agent id="249" start.x="13" start.y="49" goal.x="49" goal.y="6" size="0.5" movespeed="1"/>
       <agent id="250" start.x="44" start.y="14" goal.x="20" goal.y="58" size="0.5" movespeed="1"/>
    </agents>
</root>